,VITIS_LOOP_85_1,seq_loop_status1.csv
,VITIS_LOOP_113_2,seq_loop_status2.csv
,VITIS_LOOP_113_2,seq_loop_status3.csv
,VITIS_LOOP_113_2,seq_loop_status4.csv
,VITIS_LOOP_113_2,seq_loop_status5.csv
,VITIS_LOOP_113_2,seq_loop_status6.csv
,VITIS_LOOP_113_2,seq_loop_status7.csv
,VITIS_LOOP_113_2,seq_loop_status8.csv
,VITIS_LOOP_113_2,seq_loop_status9.csv
,VITIS_LOOP_113_2,seq_loop_status10.csv
,VITIS_LOOP_113_2,seq_loop_status11.csv
,VITIS_LOOP_113_2,seq_loop_status12.csv
,VITIS_LOOP_113_2,seq_loop_status13.csv
,VITIS_LOOP_113_2,seq_loop_status14.csv
,VITIS_LOOP_113_2,seq_loop_status15.csv
,VITIS_LOOP_113_2,seq_loop_status16.csv
,VITIS_LOOP_113_2,seq_loop_status17.csv
,VITIS_LOOP_113_2,seq_loop_status18.csv
,VITIS_LOOP_113_2,seq_loop_status19.csv
,VITIS_LOOP_113_2,seq_loop_status20.csv
,VITIS_LOOP_113_2,seq_loop_status21.csv
,VITIS_LOOP_113_2,seq_loop_status22.csv
,VITIS_LOOP_113_2,seq_loop_status23.csv
,VITIS_LOOP_113_2,seq_loop_status24.csv
,VITIS_LOOP_113_2,seq_loop_status25.csv
,VITIS_LOOP_113_2,seq_loop_status26.csv
,VITIS_LOOP_113_2,seq_loop_status27.csv
,VITIS_LOOP_113_2,seq_loop_status28.csv
,VITIS_LOOP_113_2,seq_loop_status29.csv
,VITIS_LOOP_113_2,seq_loop_status30.csv
,VITIS_LOOP_113_2,seq_loop_status31.csv
,VITIS_LOOP_113_2,seq_loop_status32.csv
,VITIS_LOOP_113_2,seq_loop_status33.csv
,VITIS_LOOP_113_2,seq_loop_status34.csv
,VITIS_LOOP_113_2,seq_loop_status35.csv
,VITIS_LOOP_113_2,seq_loop_status36.csv
,VITIS_LOOP_113_2,seq_loop_status37.csv
,VITIS_LOOP_113_2,seq_loop_status38.csv
,VITIS_LOOP_113_2,seq_loop_status39.csv
,VITIS_LOOP_113_2,seq_loop_status40.csv
,VITIS_LOOP_113_2,seq_loop_status41.csv
,VITIS_LOOP_113_2,seq_loop_status42.csv
,VITIS_LOOP_113_2,seq_loop_status43.csv
,VITIS_LOOP_113_2,seq_loop_status44.csv
,VITIS_LOOP_113_2,seq_loop_status45.csv
,VITIS_LOOP_113_2,seq_loop_status46.csv
,VITIS_LOOP_113_2,seq_loop_status47.csv
,VITIS_LOOP_113_2,seq_loop_status48.csv
,VITIS_LOOP_113_2,seq_loop_status49.csv
,VITIS_LOOP_113_2,seq_loop_status50.csv
,VITIS_LOOP_113_2,seq_loop_status51.csv
,VITIS_LOOP_113_2,seq_loop_status52.csv
,VITIS_LOOP_113_2,seq_loop_status53.csv
,VITIS_LOOP_113_2,seq_loop_status54.csv
,VITIS_LOOP_113_2,seq_loop_status55.csv
,VITIS_LOOP_113_2,seq_loop_status56.csv
,VITIS_LOOP_113_2,seq_loop_status57.csv
,VITIS_LOOP_113_2,seq_loop_status58.csv
,VITIS_LOOP_113_2,seq_loop_status59.csv
,VITIS_LOOP_113_2,seq_loop_status60.csv
,VITIS_LOOP_113_2,seq_loop_status61.csv
,VITIS_LOOP_113_2,seq_loop_status62.csv
,VITIS_LOOP_113_2,seq_loop_status63.csv
,VITIS_LOOP_113_2,seq_loop_status64.csv
,VITIS_LOOP_113_2,seq_loop_status65.csv
,VITIS_LOOP_19_1,seq_loop_status66.csv
,VITIS_LOOP_41_2,seq_loop_status67.csv
grp_test_state_buffer_Pipeline_VITIS_LOOP_43_3_fu_7502,VITIS_LOOP_43_3,upc_loop_status1.csv
